,oos_r2_%,ls_sharpe,ls_ann_%
OLS (linear),1.9550792169720221,0.40596640080662216,6.9972234324756615
Random Forest,2.280561703443762,0.45650528007778907,7.379932997972416
Grad Boosting,2.085711521905198,0.6500269479089686,8.290298670773822
Neural Net,-1.0837705361688599,0.8889888017492845,10.00165574358286
